,name 
0,Nha Gia Kim (Tai Ban 2020)
1,Nha Gia Kim (Tai Ban 2020)
2,Nha Gia Kim (Tai Ban 2020)
3,Nha Gia Kim (Tai Ban 2020)
4,Nha Gia Kim (Tai Ban 2020)
5,Nha Gia Kim (Tai Ban 2020)
6,Nha Gia Kim (Tai Ban 2020)
7,Nha Gia Kim (Tai Ban 2020)
8,Nha Gia Kim (Tai Ban 2020)
9,Nha Gia Kim (Tai Ban 2020)
10,Nha Gia Kim (Tai Ban 2020)
11,Nha Gia Kim (Tai Ban 2020)
12,Nha Gia Kim (Tai Ban 2020)
13,Nha Gia Kim (Tai Ban 2020)
14,Nha Gia Kim (Tai Ban 2020)
15,Nha Gia Kim (Tai Ban 2020)
16,Nha Gia Kim (Tai Ban 2020)
17,Nha Gia Kim (Tai Ban 2020)
18,Nha Gia Kim (Tai Ban 2020)
19,Nha Gia Kim (Tai Ban 2020)
20,Nha Gia Kim (Tai Ban 2020)
21,Nha Gia Kim (Tai Ban 2020)
22,Nha Gia Kim (Tai Ban 2020)
23,Nha Gia Kim (Tai Ban 2020)
24,Nha Gia Kim (Tai Ban 2020)
25,Nha Gia Kim (Tai Ban 2020)
26,Nha Gia Kim (Tai Ban 2020)
27,Nha Gia Kim (Tai Ban 2020)
28,Nha Gia Kim (Tai Ban 2020)
29,Nha Gia Kim (Tai Ban 2020)
30,Nha Gia Kim (Tai Ban 2020)
31,Nha Gia Kim (Tai Ban 2020)
32,Nha Gia Kim (Tai Ban 2020)
33,Nha Gia Kim (Tai Ban 2020)
34,Nha Gia Kim (Tai Ban 2020)
35,Nha Gia Kim (Tai Ban 2020)
36,Nha Gia Kim (Tai Ban 2020)
37,Nha Gia Kim (Tai Ban 2020)
38,Nha Gia Kim (Tai Ban 2020)
39,Nha Gia Kim (Tai Ban 2020)
40,Nha Gia Kim (Tai Ban 2020)
41,Nha Gia Kim (Tai Ban 2020)
42,Nha Gia Kim (Tai Ban 2020)
43,Nha Gia Kim (Tai Ban 2020)
44,Nha Gia Kim (Tai Ban 2020)
45,Nha Gia Kim (Tai Ban 2020)
46,Nha Gia Kim (Tai Ban 2020)
47,Nha Gia Kim (Tai Ban 2020)
48,Nha Gia Kim (Tai Ban 2020)
49,Nha Gia Kim (Tai Ban 2020)
50,Nha Gia Kim (Tai Ban 2020)
51,Nha Gia Kim (Tai Ban 2020)
52,Nha Gia Kim (Tai Ban 2020)
53,Nha Gia Kim (Tai Ban 2020)
54,Nha Gia Kim (Tai Ban 2020)
55,Nha Gia Kim (Tai Ban 2020)
56,Nha Gia Kim (Tai Ban 2020)
57,Nha Gia Kim (Tai Ban 2020)
58,Nha Gia Kim (Tai Ban 2020)
59,Nha Gia Kim (Tai Ban 2020)
60,Nha Gia Kim (Tai Ban 2020)
61,Nha Gia Kim (Tai Ban 2020)
62,Nha Gia Kim (Tai Ban 2020)
63,Nha Gia Kim (Tai Ban 2020)
64,Nha Gia Kim (Tai Ban 2020)
65,Nha Gia Kim (Tai Ban 2020)
66,Nha Gia Kim (Tai Ban 2020)
67,Nha Gia Kim (Tai Ban 2020)
68,Nha Gia Kim (Tai Ban 2020)
69,Nha Gia Kim (Tai Ban 2020)
70,Nha Gia Kim (Tai Ban 2020)
71,Nha Gia Kim (Tai Ban 2020)
72,Nha Gia Kim (Tai Ban 2020)
73,Nha Gia Kim (Tai Ban 2020)
74,Nha Gia Kim (Tai Ban 2020)
75,Nha Gia Kim (Tai Ban 2020)
76,Nha Gia Kim (Tai Ban 2020)
77,Nha Gia Kim (Tai Ban 2020)
78,Nha Gia Kim (Tai Ban 2020)
79,Nha Gia Kim (Tai Ban 2020)
80,Nha Gia Kim (Tai Ban 2020)
81,Nha Gia Kim (Tai Ban 2020)
82,Nha Gia Kim (Tai Ban 2020)
83,Nha Gia Kim (Tai Ban 2020)
84,Nha Gia Kim (Tai Ban 2020)
85,Nha Gia Kim (Tai Ban 2020)
86,Nha Gia Kim (Tai Ban 2020)
87,Nha Gia Kim (Tai Ban 2020)
88,Nha Gia Kim (Tai Ban 2020)
89,Nha Gia Kim (Tai Ban 2020)
90,Nha Gia Kim (Tai Ban 2020)
91,Nha Gia Kim (Tai Ban 2020)
92,Nha Gia Kim (Tai Ban 2020)
93,Nha Gia Kim (Tai Ban 2020)
94,Nha Gia Kim (Tai Ban 2020)
95,Nha Gia Kim (Tai Ban 2020)
96,Nha Gia Kim (Tai Ban 2020)
97,Nha Gia Kim (Tai Ban 2020)
98,Nha Gia Kim (Tai Ban 2020)
99,Nha Gia Kim (Tai Ban 2020)
100,Nha Gia Kim (Tai Ban 2020)
101,Nha Gia Kim (Tai Ban 2020)
102,Nha Gia Kim (Tai Ban 2020)
103,Nha Gia Kim (Tai Ban 2020)
104,Nha Gia Kim (Tai Ban 2020)
105,Nha Gia Kim (Tai Ban 2020)
106,Nha Gia Kim (Tai Ban 2020)
107,Nha Gia Kim (Tai Ban 2020)
108,Nha Gia Kim (Tai Ban 2020)
109,Nha Gia Kim (Tai Ban 2020)
110,Nha Gia Kim (Tai Ban 2020)
111,Nha Gia Kim (Tai Ban 2020)
112,Nha Gia Kim (Tai Ban 2020)
113,Nha Gia Kim (Tai Ban 2020)
114,Nha Gia Kim (Tai Ban 2020)
115,Nha Gia Kim (Tai Ban 2020)
116,Nha Gia Kim (Tai Ban 2020)
117,Nha Gia Kim (Tai Ban 2020)
118,Nha Gia Kim (Tai Ban 2020)
119,Nha Gia Kim (Tai Ban 2020)
120,Cay Cam Ngot Cua Toi
121,Cay Cam Ngot Cua Toi
122,Cay Cam Ngot Cua Toi
123,Cay Cam Ngot Cua Toi
124,Cay Cam Ngot Cua Toi
125,Cay Cam Ngot Cua Toi
126,Cay Cam Ngot Cua Toi
127,Cay Cam Ngot Cua Toi
128,Cay Cam Ngot Cua Toi
129,Cay Cam Ngot Cua Toi
130,Cay Cam Ngot Cua Toi
131,Cay Cam Ngot Cua Toi
132,Cay Cam Ngot Cua Toi
133,Cay Cam Ngot Cua Toi
134,Cay Cam Ngot Cua Toi
135,Cay Cam Ngot Cua Toi
136,Cay Cam Ngot Cua Toi
137,Cay Cam Ngot Cua Toi
138,Cay Cam Ngot Cua Toi
139,Cay Cam Ngot Cua Toi
140,Cay Cam Ngot Cua Toi
141,Cay Cam Ngot Cua Toi
142,Cay Cam Ngot Cua Toi
143,Cay Cam Ngot Cua Toi
144,Cay Cam Ngot Cua Toi
145,Cay Cam Ngot Cua Toi
146,Cay Cam Ngot Cua Toi
147,Cay Cam Ngot Cua Toi
148,Cay Cam Ngot Cua Toi
149,Cay Cam Ngot Cua Toi
150,Cay Cam Ngot Cua Toi
151,Cay Cam Ngot Cua Toi
152,Cay Cam Ngot Cua Toi
153,Cay Cam Ngot Cua Toi
154,Cay Cam Ngot Cua Toi
155,Cay Cam Ngot Cua Toi
156,Cay Cam Ngot Cua Toi
157,Cay Cam Ngot Cua Toi
158,Cay Cam Ngot Cua Toi
159,Cay Cam Ngot Cua Toi
160,Cay Cam Ngot Cua Toi
161,Cay Cam Ngot Cua Toi
162,Cay Cam Ngot Cua Toi
163,Cay Cam Ngot Cua Toi
164,Cay Cam Ngot Cua Toi
165,Cay Cam Ngot Cua Toi
166,Cay Cam Ngot Cua Toi
167,Cay Cam Ngot Cua Toi
168,Cay Cam Ngot Cua Toi
169,Cay Cam Ngot Cua Toi
170,Cay Cam Ngot Cua Toi
171,Cay Cam Ngot Cua Toi
172,Cay Cam Ngot Cua Toi
173,Cay Cam Ngot Cua Toi
174,Cay Cam Ngot Cua Toi
175,Cay Cam Ngot Cua Toi
176,Cay Cam Ngot Cua Toi
177,Cay Cam Ngot Cua Toi
178,Cay Cam Ngot Cua Toi
179,Cay Cam Ngot Cua Toi
180,Cay Cam Ngot Cua Toi
181,Cay Cam Ngot Cua Toi
182,Cay Cam Ngot Cua Toi
183,Cay Cam Ngot Cua Toi
184,Cay Cam Ngot Cua Toi
185,Cay Cam Ngot Cua Toi
186,Cay Cam Ngot Cua Toi
187,Cay Cam Ngot Cua Toi
188,Cay Cam Ngot Cua Toi
189,Cay Cam Ngot Cua Toi
190,Cay Cam Ngot Cua Toi
191,Cay Cam Ngot Cua Toi
192,Cay Cam Ngot Cua Toi
193,Cay Cam Ngot Cua Toi
194,Cay Cam Ngot Cua Toi
195,Cay Cam Ngot Cua Toi
196,Cay Cam Ngot Cua Toi
197,Cay Cam Ngot Cua Toi
198,Cay Cam Ngot Cua Toi
199,Cay Cam Ngot Cua Toi
200,Cay Cam Ngot Cua Toi
201,Cay Cam Ngot Cua Toi
202,Cay Cam Ngot Cua Toi
203,Cay Cam Ngot Cua Toi
204,Cay Cam Ngot Cua Toi
205,Cay Cam Ngot Cua Toi
206,Cay Cam Ngot Cua Toi
207,Cay Cam Ngot Cua Toi
208,Cay Cam Ngot Cua Toi
209,Cay Cam Ngot Cua Toi
210,Cay Cam Ngot Cua Toi
211,Cay Cam Ngot Cua Toi
212,Cay Cam Ngot Cua Toi
213,Cay Cam Ngot Cua Toi
214,Cay Cam Ngot Cua Toi
215,Cay Cam Ngot Cua Toi
216,Cay Cam Ngot Cua Toi
217,Cay Cam Ngot Cua Toi
218,Cay Cam Ngot Cua Toi
219,Cay Cam Ngot Cua Toi
220,Cay Cam Ngot Cua Toi
221,Cay Cam Ngot Cua Toi
222,Cay Cam Ngot Cua Toi
223,Cay Cam Ngot Cua Toi
224,Cay Cam Ngot Cua Toi
225,Cay Cam Ngot Cua Toi
226,Cay Cam Ngot Cua Toi
227,Cay Cam Ngot Cua Toi
228,Cay Cam Ngot Cua Toi
229,Cay Cam Ngot Cua Toi
230,Cay Cam Ngot Cua Toi
231,Cay Cam Ngot Cua Toi
232,Cay Cam Ngot Cua Toi
233,Cay Cam Ngot Cua Toi
234,Cay Cam Ngot Cua Toi
235,Cay Cam Ngot Cua Toi
236,Cay Cam Ngot Cua Toi
237,Cay Cam Ngot Cua Toi
238,Cay Cam Ngot Cua Toi
239,Cay Cam Ngot Cua Toi
240,Cay Cam Ngot Cua Toi
241,Cay Cam Ngot Cua Toi
242,Cay Cam Ngot Cua Toi
243,Cay Cam Ngot Cua Toi
244,Cay Cam Ngot Cua Toi
245,Cay Cam Ngot Cua Toi
246,Cay Cam Ngot Cua Toi
247,Cay Cam Ngot Cua Toi
248,Cay Cam Ngot Cua Toi
249,Cay Cam Ngot Cua Toi
250,Cay Cam Ngot Cua Toi
251,Cay Cam Ngot Cua Toi
252,Cay Cam Ngot Cua Toi
253,Cay Cam Ngot Cua Toi
254,Cay Cam Ngot Cua Toi
255,Cay Cam Ngot Cua Toi
256,Cay Cam Ngot Cua Toi
257,Cay Cam Ngot Cua Toi
258,Cay Cam Ngot Cua Toi
259,Cay Cam Ngot Cua Toi
260,Cay Cam Ngot Cua Toi
261,Cay Cam Ngot Cua Toi
262,Cay Cam Ngot Cua Toi
263,Cay Cam Ngot Cua Toi
264,Cay Cam Ngot Cua Toi
265,Cay Cam Ngot Cua Toi
266,Cay Cam Ngot Cua Toi
267,Cay Cam Ngot Cua Toi
268,Cay Cam Ngot Cua Toi
269,Cay Cam Ngot Cua Toi
270,Cay Cam Ngot Cua Toi
271,Cay Cam Ngot Cua Toi
272,Cay Cam Ngot Cua Toi
273,Cay Cam Ngot Cua Toi
274,Cay Cam Ngot Cua Toi
275,Cay Cam Ngot Cua Toi
276,Cay Cam Ngot Cua Toi
277,Cay Cam Ngot Cua Toi
278,Cay Cam Ngot Cua Toi
279,Cay Cam Ngot Cua Toi
280,Cay Cam Ngot Cua Toi
281,Cay Cam Ngot Cua Toi
282,Cay Cam Ngot Cua Toi
283,Cay Cam Ngot Cua Toi
284,Cay Cam Ngot Cua Toi
285,Cay Cam Ngot Cua Toi
286,Cay Cam Ngot Cua Toi
287,Cay Cam Ngot Cua Toi
288,Cay Cam Ngot Cua Toi
289,Cay Cam Ngot Cua Toi
290,Cay Cam Ngot Cua Toi
291,Cay Cam Ngot Cua Toi
292,Cay Cam Ngot Cua Toi
293,Cay Cam Ngot Cua Toi
294,Cay Cam Ngot Cua Toi
295,Cay Cam Ngot Cua Toi
296,Cay Cam Ngot Cua Toi
297,Cay Cam Ngot Cua Toi
298,Cay Cam Ngot Cua Toi
299,Cay Cam Ngot Cua Toi
300,Cay Cam Ngot Cua Toi
301,Cay Cam Ngot Cua Toi
302,Cay Cam Ngot Cua Toi
303,Cay Cam Ngot Cua Toi
304,Cay Cam Ngot Cua Toi
305,Cay Cam Ngot Cua Toi
306,Cay Cam Ngot Cua Toi
307,Cay Cam Ngot Cua Toi
308,Cay Cam Ngot Cua Toi
309,Cay Cam Ngot Cua Toi
310,Cay Cam Ngot Cua Toi
311,Cay Cam Ngot Cua Toi
312,Cay Cam Ngot Cua Toi
313,Cay Cam Ngot Cua Toi
314,Cay Cam Ngot Cua Toi
315,Cay Cam Ngot Cua Toi
316,Cay Cam Ngot Cua Toi
317,Cay Cam Ngot Cua Toi
318,Cay Cam Ngot Cua Toi
319,Cay Cam Ngot Cua Toi
320,Cay Cam Ngot Cua Toi
321,Cay Cam Ngot Cua Toi
322,Cay Cam Ngot Cua Toi
323,Cay Cam Ngot Cua Toi
324,Cay Cam Ngot Cua Toi
325,Cay Cam Ngot Cua Toi
326,Cay Cam Ngot Cua Toi
327,Cay Cam Ngot Cua Toi
328,Cay Cam Ngot Cua Toi
329,Cay Cam Ngot Cua Toi
330,Cay Cam Ngot Cua Toi
331,Cay Cam Ngot Cua Toi
332,Cay Cam Ngot Cua Toi
333,Cay Cam Ngot Cua Toi
334,Cay Cam Ngot Cua Toi
335,Cay Cam Ngot Cua Toi
336,Cay Cam Ngot Cua Toi
337,Cay Cam Ngot Cua Toi
338,Cay Cam Ngot Cua Toi
339,Cay Cam Ngot Cua Toi
340,Cay Cam Ngot Cua Toi
341,Cay Cam Ngot Cua Toi
342,Cay Cam Ngot Cua Toi
343,Cay Cam Ngot Cua Toi
344,Cay Cam Ngot Cua Toi
345,Cay Cam Ngot Cua Toi
346,Cay Cam Ngot Cua Toi
347,Cay Cam Ngot Cua Toi
348,Cay Cam Ngot Cua Toi
349,Cay Cam Ngot Cua Toi
350,Cay Cam Ngot Cua Toi
351,Cay Cam Ngot Cua Toi
352,Cay Cam Ngot Cua Toi
353,Cay Cam Ngot Cua Toi
354,Cay Cam Ngot Cua Toi
355,Cay Cam Ngot Cua Toi
356,Cay Cam Ngot Cua Toi
357,Cay Cam Ngot Cua Toi
358,Cay Cam Ngot Cua Toi
359,Cay Cam Ngot Cua Toi
360,Cay Cam Ngot Cua Toi
361,Cay Cam Ngot Cua Toi
362,Cay Cam Ngot Cua Toi
363,Cay Cam Ngot Cua Toi
364,Cay Cam Ngot Cua Toi
365,Cay Cam Ngot Cua Toi
366,Cay Cam Ngot Cua Toi
367,Cay Cam Ngot Cua Toi
368,Cay Cam Ngot Cua Toi
369,Cay Cam Ngot Cua Toi
370,Cay Cam Ngot Cua Toi
371,Cay Cam Ngot Cua Toi
372,Cay Cam Ngot Cua Toi
373,Cay Cam Ngot Cua Toi
374,Cay Cam Ngot Cua Toi
375,Cay Cam Ngot Cua Toi
376,Cay Cam Ngot Cua Toi
377,Cay Cam Ngot Cua Toi
378,Cay Cam Ngot Cua Toi
379,Cay Cam Ngot Cua Toi
380,Cay Cam Ngot Cua Toi
381,Cay Cam Ngot Cua Toi
382,Cay Cam Ngot Cua Toi
383,Cay Cam Ngot Cua Toi
384,Cay Cam Ngot Cua Toi
385,Cay Cam Ngot Cua Toi
386,Cay Cam Ngot Cua Toi
387,Cay Cam Ngot Cua Toi
388,Cay Cam Ngot Cua Toi
389,Cay Cam Ngot Cua Toi
390,Cay Cam Ngot Cua Toi
391,Cay Cam Ngot Cua Toi
392,Cay Cam Ngot Cua Toi
393,Cay Cam Ngot Cua Toi
394,Cay Cam Ngot Cua Toi
395,Cay Cam Ngot Cua Toi
396,Cay Cam Ngot Cua Toi
397,Cay Cam Ngot Cua Toi
398,Cay Cam Ngot Cua Toi
399,Cay Cam Ngot Cua Toi
400,Cay Cam Ngot Cua Toi
401,Cay Cam Ngot Cua Toi
402,Cay Cam Ngot Cua Toi
403,Cay Cam Ngot Cua Toi
404,Cay Cam Ngot Cua Toi
405,Cay Cam Ngot Cua Toi
406,Cay Cam Ngot Cua Toi
407,Cay Cam Ngot Cua Toi
408,Cay Cam Ngot Cua Toi
409,Cay Cam Ngot Cua Toi
410,Cay Cam Ngot Cua Toi
411,Cay Cam Ngot Cua Toi
412,Cay Cam Ngot Cua Toi
413,Cay Cam Ngot Cua Toi
414,Cay Cam Ngot Cua Toi
415,Cay Cam Ngot Cua Toi
416,Cay Cam Ngot Cua Toi
417,Cay Cam Ngot Cua Toi
418,Cay Cam Ngot Cua Toi
419,Cay Cam Ngot Cua Toi
420,Ngan Mat Troi Ruc Ro (Tai Ban 2019)
